<?xml version="1.0" encoding="UTF-8"?><idempiere Name="Beluga copyDiscount" Version="1.0.1" idempiereVersion="" DataBaseVersion="" Description="Process to copy the breaks of a discountschema" Author="" AuthorEmail="ms.idempiere@schoenbeck.de" CreatedDate="2020-02-20 21:51:20.88" UpdatedDate="2020-02-23 17:13:56.777" PackOutVersion="100" UpdateDictionary="false" Client="0-SYSTEM-System" AD_Client_UU="11237b53-9592-4af1-b3c5-afd216514b5d">
    <AD_Package_Exp type="table">
        <AD_Client_ID>0</AD_Client_ID>
        <AD_Org_ID>0</AD_Org_ID>
        <AD_Package_Type>X</AD_Package_Type>
        <EMail>ms.idempiere@schoenbeck.de</EMail>
        <Instructions/>
        <Name>Beluga copyDiscount</Name>
        <Processed>N</Processed>
        <ReleaseNo/>
        <Version/>
        <UserName/>
        <Processing>N</Processing>
        <PK_Version>1.0.1</PK_Version>
        <IsActive>Y</IsActive>
        <File_Directory/>
        <Description>Process to copy the breaks of a discountschema</Description>
        <AD_Package_Exp_UU>35fc5001-c995-4f06-83d3-befaf4c95a0b</AD_Package_Exp_UU>
        <DateFrom/>
        <IsExportDictionaryEntity>N</IsExportDictionaryEntity>
    </AD_Package_Exp>
    <AD_Package_Exp_Detail type="table">
        <AD_Client_ID>0</AD_Client_ID>
        <AD_Org_ID>0</AD_Org_ID>
        <AD_Form_ID reference="id"/>
        <AD_ImpFormat_ID reference="id"/>
        <AD_Menu_ID reference="id"/>
        <AD_Process_ID reference="id"/>
        <AD_Role_ID reference="id">0</AD_Role_ID>
        <AD_Window_ID reference="id"/>
        <AD_Workflow_ID reference="id"/>
        <IsActive>Y</IsActive>
        <File_Directory/>
        <FileName/>
        <Destination_FileName/>
        <Destination_Directory/>
        <Description/>
        <DBType>ALL</DBType>
        <Type>MSG</Type>
        <Target_Directory/>
        <SQLStatement/>
        <ReleaseNo/>
        <Processing>N</Processing>
        <Processed>N</Processed>
        <Name2/>
        <Line>70</Line>
        <AD_Workbench_ID reference="id"/>
        <AD_Table_ID reference="id"/>
        <AD_ReportView_ID reference="id"/>
        <AD_Package_Exp_ID reference="uuid" reference-key="AD_Package_Exp">35fc5001-c995-4f06-83d3-befaf4c95a0b</AD_Package_Exp_ID>
        <AD_Package_Code_New/>
        <AD_Package_Code_Old/>
        <AD_Val_Rule_ID reference="id"/>
        <AD_Message_ID reference="uuid" reference-key="AD_Message">68fa16c6-7964-4455-86b3-3d972c935cbd</AD_Message_ID>
        <AD_PrintFormat_ID reference="id"/>
        <AD_Reference_ID reference="id"/>
        <AD_ModelValidator_ID reference="id"/>
        <AD_EntityType_ID reference="id"/>
        <AD_Package_Exp_Detail_UU>2f01d858-ccf1-4d06-8fea-3f0fd9a14fb2</AD_Package_Exp_Detail_UU>
        <AD_InfoWindow_ID reference="id">200001</AD_InfoWindow_ID>
    </AD_Package_Exp_Detail>
    <AD_Package_Exp_Detail type="table">
        <AD_Client_ID>0</AD_Client_ID>
        <AD_Org_ID>0</AD_Org_ID>
        <AD_Form_ID reference="id"/>
        <AD_ImpFormat_ID reference="id"/>
        <AD_Menu_ID reference="id"/>
        <AD_Process_ID reference="id"/>
        <AD_Role_ID reference="id">0</AD_Role_ID>
        <AD_Window_ID reference="id"/>
        <AD_Workflow_ID reference="id"/>
        <IsActive>Y</IsActive>
        <File_Directory/>
        <FileName/>
        <Destination_FileName/>
        <Destination_Directory/>
        <Description>Export the 2Pack itself</Description>
        <DBType>ALL</DBType>
        <Type>D</Type>
        <Target_Directory/>
        <SQLStatement>SELECT * from ad_package_exp WHERE name = 'Beluga copyDiscount'</SQLStatement>
        <ReleaseNo/>
        <Processing>N</Processing>
        <Processed>N</Processed>
        <Name2/>
        <Line>10</Line>
        <AD_Workbench_ID reference="id"/>
        <AD_Table_ID reference="id">50005</AD_Table_ID>
        <AD_ReportView_ID reference="id"/>
        <AD_Package_Exp_ID reference="uuid" reference-key="AD_Package_Exp">35fc5001-c995-4f06-83d3-befaf4c95a0b</AD_Package_Exp_ID>
        <AD_Package_Code_New/>
        <AD_Package_Code_Old/>
        <AD_Val_Rule_ID reference="id"/>
        <AD_Message_ID reference="id"/>
        <AD_PrintFormat_ID reference="id"/>
        <AD_Reference_ID reference="id"/>
        <AD_ModelValidator_ID reference="id"/>
        <AD_EntityType_ID reference="id"/>
        <AD_Package_Exp_Detail_UU>87e42269-b6d6-4c49-9259-cb3cbd8337ac</AD_Package_Exp_Detail_UU>
        <AD_InfoWindow_ID reference="id">200001</AD_InfoWindow_ID>
    </AD_Package_Exp_Detail>
    <AD_Package_Exp_Detail type="table">
        <AD_Client_ID>0</AD_Client_ID>
        <AD_Org_ID>0</AD_Org_ID>
        <AD_Form_ID reference="id"/>
        <AD_ImpFormat_ID reference="id"/>
        <AD_Menu_ID reference="id"/>
        <AD_Process_ID reference="id"/>
        <AD_Role_ID reference="id">0</AD_Role_ID>
        <AD_Window_ID reference="id"/>
        <AD_Workflow_ID reference="id"/>
        <IsActive>Y</IsActive>
        <File_Directory/>
        <FileName/>
        <Destination_FileName/>
        <Destination_Directory/>
        <Description/>
        <DBType>ALL</DBType>
        <Type>D</Type>
        <Target_Directory/>
        <SQLStatement>SELECT * from AD_Package_Exp_Detail WHERE ad_package_exp_id in (select ad_package_exp_id from ad_package_exp where name = 'Beluga copyDiscount')</SQLStatement>
        <ReleaseNo/>
        <Processing>N</Processing>
        <Processed>N</Processed>
        <Name2/>
        <Line>20</Line>
        <AD_Workbench_ID reference="id"/>
        <AD_Table_ID reference="id">50006</AD_Table_ID>
        <AD_ReportView_ID reference="id"/>
        <AD_Package_Exp_ID reference="uuid" reference-key="AD_Package_Exp">35fc5001-c995-4f06-83d3-befaf4c95a0b</AD_Package_Exp_ID>
        <AD_Package_Code_New/>
        <AD_Package_Code_Old/>
        <AD_Val_Rule_ID reference="id"/>
        <AD_Message_ID reference="id"/>
        <AD_PrintFormat_ID reference="id"/>
        <AD_Reference_ID reference="id"/>
        <AD_ModelValidator_ID reference="id"/>
        <AD_EntityType_ID reference="id"/>
        <AD_Package_Exp_Detail_UU>6d44e61a-a82d-4685-8db3-21baa53e16df</AD_Package_Exp_Detail_UU>
        <AD_InfoWindow_ID reference="id">200001</AD_InfoWindow_ID>
    </AD_Package_Exp_Detail>
    <AD_Package_Exp_Detail type="table">
        <AD_Client_ID>0</AD_Client_ID>
        <AD_Org_ID>0</AD_Org_ID>
        <AD_Form_ID reference="id"/>
        <AD_ImpFormat_ID reference="id"/>
        <AD_Menu_ID reference="id"/>
        <AD_Process_ID reference="uuid" reference-key="AD_Process">02a635f9-144f-4fb7-9af4-3c36a3fb81a1</AD_Process_ID>
        <AD_Role_ID reference="id">0</AD_Role_ID>
        <AD_Window_ID reference="id"/>
        <AD_Workflow_ID reference="id"/>
        <IsActive>Y</IsActive>
        <File_Directory/>
        <FileName/>
        <Destination_FileName/>
        <Destination_Directory/>
        <Description/>
        <DBType>ALL</DBType>
        <Type>P</Type>
        <Target_Directory/>
        <SQLStatement/>
        <ReleaseNo/>
        <Processing>N</Processing>
        <Processed>N</Processed>
        <Name2/>
        <Line>30</Line>
        <AD_Workbench_ID reference="id"/>
        <AD_Table_ID reference="id"/>
        <AD_ReportView_ID reference="id"/>
        <AD_Package_Exp_ID reference="uuid" reference-key="AD_Package_Exp">35fc5001-c995-4f06-83d3-befaf4c95a0b</AD_Package_Exp_ID>
        <AD_Package_Code_New/>
        <AD_Package_Code_Old/>
        <AD_Val_Rule_ID reference="id"/>
        <AD_Message_ID reference="id"/>
        <AD_PrintFormat_ID reference="id"/>
        <AD_Reference_ID reference="id"/>
        <AD_ModelValidator_ID reference="id"/>
        <AD_EntityType_ID reference="id"/>
        <AD_Package_Exp_Detail_UU>603e4648-9f3b-421b-bc07-31f1c73a5674</AD_Package_Exp_Detail_UU>
        <AD_InfoWindow_ID reference="id">200001</AD_InfoWindow_ID>
    </AD_Package_Exp_Detail>
    <AD_Package_Exp_Detail type="table">
        <AD_Client_ID>0</AD_Client_ID>
        <AD_Org_ID>0</AD_Org_ID>
        <AD_Form_ID reference="id"/>
        <AD_ImpFormat_ID reference="id"/>
        <AD_Menu_ID reference="id"/>
        <AD_Process_ID reference="id"/>
        <AD_Role_ID reference="id">0</AD_Role_ID>
        <AD_Window_ID reference="id"/>
        <AD_Workflow_ID reference="id"/>
        <IsActive>Y</IsActive>
        <File_Directory/>
        <FileName/>
        <Destination_FileName/>
        <Destination_Directory/>
        <Description/>
        <DBType>ALL</DBType>
        <Type>ET</Type>
        <Target_Directory/>
        <SQLStatement/>
        <ReleaseNo/>
        <Processing>N</Processing>
        <Processed>N</Processed>
        <Name2/>
        <Line>40</Line>
        <AD_Workbench_ID reference="id"/>
        <AD_Table_ID reference="id"/>
        <AD_ReportView_ID reference="id"/>
        <AD_Package_Exp_ID reference="uuid" reference-key="AD_Package_Exp">35fc5001-c995-4f06-83d3-befaf4c95a0b</AD_Package_Exp_ID>
        <AD_Package_Code_New/>
        <AD_Package_Code_Old/>
        <AD_Val_Rule_ID reference="id"/>
        <AD_Message_ID reference="id"/>
        <AD_PrintFormat_ID reference="id"/>
        <AD_Reference_ID reference="id"/>
        <AD_ModelValidator_ID reference="id"/>
        <AD_EntityType_ID reference="uuid" reference-key="AD_EntityType">8ccfe91c-b63a-4ac5-aa38-581f74fe2f5e</AD_EntityType_ID>
        <AD_Package_Exp_Detail_UU>b7babbcc-cf0a-4deb-a039-c8f705cabde8</AD_Package_Exp_Detail_UU>
        <AD_InfoWindow_ID reference="id">200001</AD_InfoWindow_ID>
    </AD_Package_Exp_Detail>
    <AD_Package_Exp_Detail type="table">
        <AD_Client_ID>0</AD_Client_ID>
        <AD_Org_ID>0</AD_Org_ID>
        <AD_Form_ID reference="id"/>
        <AD_ImpFormat_ID reference="id"/>
        <AD_Menu_ID reference="id"/>
        <AD_Process_ID reference="id"/>
        <AD_Role_ID reference="id">0</AD_Role_ID>
        <AD_Window_ID reference="id">233</AD_Window_ID>
        <AD_Workflow_ID reference="id"/>
        <IsActive>Y</IsActive>
        <File_Directory/>
        <FileName/>
        <Destination_FileName/>
        <Destination_Directory/>
        <Description/>
        <DBType>ALL</DBType>
        <Type>W</Type>
        <Target_Directory/>
        <SQLStatement/>
        <ReleaseNo/>
        <Processing>N</Processing>
        <Processed>N</Processed>
        <Name2/>
        <Line>50</Line>
        <AD_Workbench_ID reference="id"/>
        <AD_Table_ID reference="id"/>
        <AD_ReportView_ID reference="id"/>
        <AD_Package_Exp_ID reference="uuid" reference-key="AD_Package_Exp">35fc5001-c995-4f06-83d3-befaf4c95a0b</AD_Package_Exp_ID>
        <AD_Package_Code_New/>
        <AD_Package_Code_Old/>
        <AD_Val_Rule_ID reference="id"/>
        <AD_Message_ID reference="id"/>
        <AD_PrintFormat_ID reference="id"/>
        <AD_Reference_ID reference="id"/>
        <AD_ModelValidator_ID reference="id"/>
        <AD_EntityType_ID reference="id"/>
        <AD_Package_Exp_Detail_UU>67773c46-40c2-4813-baaf-3c505665a488</AD_Package_Exp_Detail_UU>
        <AD_InfoWindow_ID reference="id">200001</AD_InfoWindow_ID>
    </AD_Package_Exp_Detail>
    <AD_Package_Exp_Detail type="table">
        <AD_Client_ID>0</AD_Client_ID>
        <AD_Org_ID>0</AD_Org_ID>
        <AD_Form_ID reference="id"/>
        <AD_ImpFormat_ID reference="id"/>
        <AD_Menu_ID reference="id"/>
        <AD_Process_ID reference="id"/>
        <AD_Role_ID reference="id">0</AD_Role_ID>
        <AD_Window_ID reference="id"/>
        <AD_Workflow_ID reference="id"/>
        <IsActive>Y</IsActive>
        <File_Directory/>
        <FileName/>
        <Destination_FileName/>
        <Destination_Directory/>
        <Description/>
        <DBType>ALL</DBType>
        <Type>MSG</Type>
        <Target_Directory/>
        <SQLStatement/>
        <ReleaseNo/>
        <Processing>N</Processing>
        <Processed>N</Processed>
        <Name2/>
        <Line>60</Line>
        <AD_Workbench_ID reference="id"/>
        <AD_Table_ID reference="id"/>
        <AD_ReportView_ID reference="id"/>
        <AD_Package_Exp_ID reference="uuid" reference-key="AD_Package_Exp">35fc5001-c995-4f06-83d3-befaf4c95a0b</AD_Package_Exp_ID>
        <AD_Package_Code_New/>
        <AD_Package_Code_Old/>
        <AD_Val_Rule_ID reference="id"/>
        <AD_Message_ID reference="uuid" reference-key="AD_Message">b68858e2-dd45-4651-828b-f9ad9b1375c6</AD_Message_ID>
        <AD_PrintFormat_ID reference="id"/>
        <AD_Reference_ID reference="id"/>
        <AD_ModelValidator_ID reference="id"/>
        <AD_EntityType_ID reference="id"/>
        <AD_Package_Exp_Detail_UU>85d7288d-f2f2-4be7-9d83-a05a468b5ede</AD_Package_Exp_Detail_UU>
        <AD_InfoWindow_ID reference="id">200001</AD_InfoWindow_ID>
    </AD_Package_Exp_Detail>
    <AD_Process type="table">
        <AD_Client_ID>0</AD_Client_ID>
        <AD_Org_ID>0</AD_Org_ID>
        <IsActive>Y</IsActive>
        <Name>copyDiscount</Name>
        <Description/>
        <Help/>
        <ProcedureName/>
        <IsReport>N</IsReport>
        <Value>copyDiscount</Value>
        <IsDirectPrint>N</IsDirectPrint>
        <AD_ReportView_ID reference="id"/>
        <Classname>de.schoenbeck.beluga.copyDiscount.CopyDiscountProcess</Classname>
        <AccessLevel>7</AccessLevel>
        <EntityType>BLG</EntityType>
        <Statistic_Count>7</Statistic_Count>
        <Statistic_Seconds>7</Statistic_Seconds>
        <AD_PrintFormat_ID reference="id"/>
        <WorkflowValue/>
        <AD_Workflow_ID reference="id"/>
        <IsBetaFunctionality>N</IsBetaFunctionality>
        <IsServerProcess>N</IsServerProcess>
        <ShowHelp>Y</ShowHelp>
        <JasperReport/>
        <AD_Form_ID reference="id"/>
        <CopyFromProcess>N</CopyFromProcess>
        <AD_Process_UU>02a635f9-144f-4fb7-9af4-3c36a3fb81a1</AD_Process_UU>
        <AD_CtxHelp_ID reference="id"/>
        <ExecutionType/>
        <AllowMultipleExecution>P</AllowMultipleExecution>
        <AD_Process_Trl type="translation">
            <Help/>
            <Description/>
            <Name>copyDiscount</Name>
            <AD_Language>de_DE</AD_Language>
            <IsActive>Y</IsActive>
            <IsTranslated>N</IsTranslated>
        </AD_Process_Trl>
        <AD_Process_Para type="table">
            <AD_Client_ID>0</AD_Client_ID>
            <AD_Org_ID>0</AD_Org_ID>
            <IsActive>Y</IsActive>
            <Name>Discount Schema</Name>
            <Description>Schema to calculate the trade discount percentage</Description>
            <Help>After calculation of the (standard) price, the trade discount percentage is calculated and applied resulting in the final price.</Help>
            <AD_Process_ID reference="uuid" reference-key="AD_Process">02a635f9-144f-4fb7-9af4-3c36a3fb81a1</AD_Process_ID>
            <SeqNo>10</SeqNo>
            <AD_Reference_ID reference="id">30</AD_Reference_ID>
            <AD_Reference_Value_ID reference="id"/>
            <IsRange>N</IsRange>
            <AD_Val_Rule_ID reference="id"/>
            <FieldLength>0</FieldLength>
            <IsMandatory>Y</IsMandatory>
            <DefaultValue/>
            <VFormat/>
            <ValueMin/>
            <ValueMax/>
            <ColumnName>M_DiscountSchema_ID</ColumnName>
            <DefaultValue2/>
            <IsCentrallyMaintained>Y</IsCentrallyMaintained>
            <EntityType>BLG</EntityType>
            <AD_Element_ID reference="id">1714</AD_Element_ID>
            <ReadOnlyLogic/>
            <DisplayLogic/>
            <AD_Process_Para_UU>9f2f9f69-6597-49ae-9ca0-9091c0d8a193</AD_Process_Para_UU>
            <IsEncrypted>N</IsEncrypted>
            <MandatoryLogic/>
            <Placeholder/>
            <Placeholder2/>
            <AD_Process_Para_Trl type="translation">
                <Help>Nach Berechnung des (Standard-)Preises wird der Rabattprozentsatz berechnet und auf den Endpreis angewendet.</Help>
                <Name>Rabattschema</Name>
                <Description>Berechnungsschema für Handelsrabattsätze.</Description>
                <Placeholder/>
                <Placeholder2/>
                <AD_Language>de_DE</AD_Language>
                <IsActive>Y</IsActive>
                <IsTranslated>Y</IsTranslated>
            </AD_Process_Para_Trl>
        </AD_Process_Para>
    </AD_Process>
    <AD_EntityType type="table">
        <AD_Client_ID>0</AD_Client_ID>
        <AD_Org_ID>0</AD_Org_ID>
        <EntityType>BLG</EntityType>
        <IsActive>Y</IsActive>
        <Name>Beluga</Name>
        <Description/>
        <Help/>
        <Version/>
        <ModelPackage/>
        <Classpath/>
        <Processing>N</Processing>
        <AD_EntityType_UU>8ccfe91c-b63a-4ac5-aa38-581f74fe2f5e</AD_EntityType_UU>
    </AD_EntityType>
    <AD_TableIndex type="table">
        <AD_TableIndex_ID>200742</AD_TableIndex_ID>
        <AD_Client_ID>0</AD_Client_ID>
        <AD_Org_ID>0</AD_Org_ID>
        <AD_TableIndex_ID>200742</AD_TableIndex_ID>
        <AD_TableIndex_UU>c495d9cc-a38b-4fdf-8c4f-abdc1205db72</AD_TableIndex_UU>
        <Description/>
        <EntityType>D</EntityType>
        <IsActive>Y</IsActive>
        <Name>m_discountschemabreak_uu_idx</Name>
        <AD_Table_ID reference="id">476</AD_Table_ID>
        <Help/>
        <IsCreateConstraint>N</IsCreateConstraint>
        <IsUnique>Y</IsUnique>
        <Processing>N</Processing>
        <AD_Message_ID reference="id"/>
        <TableIndexDrop/>
        <IsKey>N</IsKey>
        <AD_IndexColumn type="table">
            <AD_IndexColumn_ID>200887</AD_IndexColumn_ID>
            <AD_Client_ID>0</AD_Client_ID>
            <AD_Org_ID>0</AD_Org_ID>
            <AD_IndexColumn_ID>200887</AD_IndexColumn_ID>
            <AD_IndexColumn_UU>3b343ad8-b5f0-4b11-be4c-89ca9492c38c</AD_IndexColumn_UU>
            <EntityType>D</EntityType>
            <IsActive>Y</IsActive>
            <AD_Column_ID reference="id">60886</AD_Column_ID>
            <AD_TableIndex_ID reference="id">200742</AD_TableIndex_ID>
            <ColumnSQL/>
            <SeqNo>1</SeqNo>
        </AD_IndexColumn>
    </AD_TableIndex>
    <AD_Element type="table">
        <AD_Client_ID>0</AD_Client_ID>
        <AD_Org_ID>0</AD_Org_ID>
        <IsActive>Y</IsActive>
        <ColumnName>copydiscount</ColumnName>
        <Name>copyDiscount</Name>
        <Description/>
        <Help/>
        <PrintName>copy discount breaks</PrintName>
        <PO_Description/>
        <PO_Help/>
        <PO_Name/>
        <PO_PrintName/>
        <EntityType>BLG</EntityType>
        <AD_Element_UU>f906820d-e1b5-4ad0-9d62-24a531a14129</AD_Element_UU>
        <Placeholder/>
        <AD_Element_Trl type="translation">
            <Help/>
            <PO_Description/>
            <PO_Help/>
            <Name>Rabattschema kopieren</Name>
            <Description>kopiert die Breaks eines Rabattschemas</Description>
            <PrintName>Rabattschema kopieren</PrintName>
            <PO_Name/>
            <PO_PrintName/>
            <Placeholder/>
            <AD_Language>de_DE</AD_Language>
            <IsActive>Y</IsActive>
            <IsTranslated>N</IsTranslated>
        </AD_Element_Trl>
    </AD_Element>
    <AD_Column type="table">
        <IsSyncDatabase>Y</IsSyncDatabase>
        <AD_Table_ID reference="id">475</AD_Table_ID>
        <AD_Reference_Value_ID reference="id"/>
        <AD_Client_ID>0</AD_Client_ID>
        <AD_Org_ID>0</AD_Org_ID>
        <Version>0</Version>
        <Name>copyDiscount</Name>
        <Description/>
        <Help/>
        <AD_Val_Rule_ID reference="id"/>
        <ColumnName>copydiscount</ColumnName>
        <DefaultValue/>
        <FieldLength>1</FieldLength>
        <IsKey>N</IsKey>
        <IsParent>N</IsParent>
        <IsMandatory>N</IsMandatory>
        <IsTranslated>N</IsTranslated>
        <IsIdentifier>N</IsIdentifier>
        <SeqNo>0</SeqNo>
        <IsEncrypted>N</IsEncrypted>
        <AD_Reference_ID reference="id">28</AD_Reference_ID>
        <IsActive>Y</IsActive>
        <VFormat/>
        <Callout/>
        <AD_Element_ID reference="uuid" reference-key="AD_Element">f906820d-e1b5-4ad0-9d62-24a531a14129</AD_Element_ID>
        <IsUpdateable>Y</IsUpdateable>
        <AD_Process_ID reference="uuid" reference-key="AD_Process">02a635f9-144f-4fb7-9af4-3c36a3fb81a1</AD_Process_ID>
        <ValueMin/>
        <ValueMax/>
        <IsSelectionColumn>N</IsSelectionColumn>
        <ReadOnlyLogic/>
        <EntityType>BLG</EntityType>
        <IsAlwaysUpdateable>N</IsAlwaysUpdateable>
        <ColumnSQL/>
        <MandatoryLogic/>
        <IsAutocomplete>N</IsAutocomplete>
        <IsAllowLogging>Y</IsAllowLogging>
        <FormatPattern/>
        <AD_Chart_ID reference="id"/>
        <AD_Column_UU>254285d0-48ca-434e-9847-0ef1047a8aa8</AD_Column_UU>
        <IsAllowCopy>Y</IsAllowCopy>
        <SeqNoSelection>0</SeqNoSelection>
        <IsToolbarButton>Y</IsToolbarButton>
        <IsSecure>N</IsSecure>
        <FKConstraintName/>
        <FKConstraintType>N</FKConstraintType>
        <PA_DashboardContent_ID reference="id"/>
        <Placeholder/>
        <IsHtml>N</IsHtml>
    </AD_Column>
    <AD_TableIndex type="table">
        <AD_TableIndex_ID>200741</AD_TableIndex_ID>
        <AD_Client_ID>0</AD_Client_ID>
        <AD_Org_ID>0</AD_Org_ID>
        <AD_TableIndex_ID>200741</AD_TableIndex_ID>
        <AD_TableIndex_UU>ce15f029-bcec-45d3-bbb6-d056e47e52b4</AD_TableIndex_UU>
        <Description/>
        <EntityType>D</EntityType>
        <IsActive>Y</IsActive>
        <Name>m_discountschema_uu_idx</Name>
        <AD_Table_ID reference="id">475</AD_Table_ID>
        <Help/>
        <IsCreateConstraint>N</IsCreateConstraint>
        <IsUnique>Y</IsUnique>
        <Processing>N</Processing>
        <AD_Message_ID reference="id"/>
        <TableIndexDrop/>
        <IsKey>N</IsKey>
        <AD_IndexColumn type="table">
            <AD_IndexColumn_ID>200886</AD_IndexColumn_ID>
            <AD_Client_ID>0</AD_Client_ID>
            <AD_Org_ID>0</AD_Org_ID>
            <AD_IndexColumn_ID>200886</AD_IndexColumn_ID>
            <AD_IndexColumn_UU>ea292c23-1ce5-4416-becc-e096c04c9bfc</AD_IndexColumn_UU>
            <EntityType>D</EntityType>
            <IsActive>Y</IsActive>
            <AD_Column_ID reference="id">60885</AD_Column_ID>
            <AD_TableIndex_ID reference="id">200741</AD_TableIndex_ID>
            <ColumnSQL/>
            <SeqNo>1</SeqNo>
        </AD_IndexColumn>
    </AD_TableIndex>
    <AD_Field type="table">
        <AD_Client_ID>0</AD_Client_ID>
        <AD_Org_ID>0</AD_Org_ID>
        <Name>copyDiscount</Name>
        <Description/>
        <Help/>
        <AD_Tab_ID reference="id">404</AD_Tab_ID>
        <AD_Column_ID reference="uuid" reference-key="AD_Column">254285d0-48ca-434e-9847-0ef1047a8aa8</AD_Column_ID>
        <IsDisplayed>Y</IsDisplayed>
        <DisplayLogic/>
        <DisplayLength>1</DisplayLength>
        <SeqNo>130</SeqNo>
        <SortNo/>
        <IsSameLine>N</IsSameLine>
        <IsHeading>N</IsHeading>
        <IsFieldOnly>N</IsFieldOnly>
        <IsEncrypted>N</IsEncrypted>
        <IsActive>Y</IsActive>
        <IsReadOnly>N</IsReadOnly>
        <IsCentrallyMaintained>Y</IsCentrallyMaintained>
        <AD_FieldGroup_ID reference="id"/>
        <EntityType>BLG</EntityType>
        <ObscureType/>
        <AD_Reference_ID reference="id"/>
        <IsMandatory/>
        <DefaultValue/>
        <AD_Reference_Value_ID reference="id"/>
        <AD_Val_Rule_ID reference="id"/>
        <Included_Tab_ID reference="id"/>
        <AD_Field_UU>7a4fd310-599e-4eb8-a90a-2e37d8b9483d</AD_Field_UU>
        <IsAllowCopy/>
        <IsDisplayedGrid>N</IsDisplayedGrid>
        <SeqNoGrid>130</SeqNoGrid>
        <XPosition>2</XPosition>
        <ColumnSpan>2</ColumnSpan>
        <NumLines>1</NumLines>
        <IsQuickEntry>N</IsQuickEntry>
        <IsUpdateable/>
        <IsAlwaysUpdateable/>
        <MandatoryLogic/>
        <ReadOnlyLogic/>
        <IsToolbarButton/>
        <IsDefaultFocus>N</IsDefaultFocus>
        <IsAdvancedField>N</IsAdvancedField>
        <VFormat/>
        <AD_LabelStyle_ID reference="id"/>
        <AD_FieldStyle_ID reference="id"/>
        <Placeholder/>
        <AD_Field_Trl type="translation">
            <Help/>
            <Description/>
            <Name>Rabattschema kopieren</Name>
            <Placeholder/>
            <AD_Language>de_DE</AD_Language>
            <IsActive>Y</IsActive>
            <IsTranslated>N</IsTranslated>
        </AD_Field_Trl>
    </AD_Field>
    <AD_Message type="table">
        <AD_Client_ID>0</AD_Client_ID>
        <AD_Org_ID>0</AD_Org_ID>
        <MsgType>E</MsgType>
        <MsgText>No target discount schema. Start process from discount schema window.</MsgText>
        <MsgTip/>
        <IsActive>Y</IsActive>
        <Value>Notargetdiscountschema</Value>
        <EntityType>BLG</EntityType>
        <AD_Message_UU>b68858e2-dd45-4651-828b-f9ad9b1375c6</AD_Message_UU>
        <AD_Message_Trl type="translation">
            <MsgText>Dies Fenster ist kein Rabattschema, starten Sie den Prozess aus dem Fenster Rabattschema</MsgText>
            <MsgTip/>
            <AD_Language>de_DE</AD_Language>
            <IsActive>Y</IsActive>
            <IsTranslated>N</IsTranslated>
        </AD_Message_Trl>
    </AD_Message>
    <AD_Message type="table">
        <AD_Client_ID>0</AD_Client_ID>
        <AD_Org_ID>0</AD_Org_ID>
        <MsgType>E</MsgType>
        <MsgText>Can copy only schema with breaks</MsgText>
        <MsgTip/>
        <IsActive>Y</IsActive>
        <Value>Cancopyonlyschemawithbreaks</Value>
        <EntityType>BLG</EntityType>
        <AD_Message_UU>68fa16c6-7964-4455-86b3-3d972c935cbd</AD_Message_UU>
        <AD_Message_Trl type="translation">
            <MsgText>Sie können nur Rabattschemata mit Breaks kopieren, dies ist keines</MsgText>
            <MsgTip/>
            <AD_Language>de_DE</AD_Language>
            <IsActive>Y</IsActive>
            <IsTranslated>N</IsTranslated>
        </AD_Message_Trl>
    </AD_Message>
</idempiere>
