<?xml version="1.0" encoding="UTF-8"?><?xml-stylesheet type="text/css" href="idempiereDocument.css"?><idempiereDocument>
    <header>Beluga copyDiscount Package Description</header>
    <H1>Package Name:</H1>
    <packagename>Beluga copyDiscount</packagename>
    <H1>Author:</H1>
    <Name:/>
    <H1>Email Address:</H1>
    <Email>ms.idempiere@schoenbeck.de</Email>
    <H1>Created:</H1>
    <Date>2020-02-20 21:51:20.88</Date>
    <H1>Updated:</H1>
    <Date>2020-02-23 17:13:56.777</Date>
    <H1>Description:</H1>
    <description>Process to copy the breaks of a discountschema</description>
    <H1>Instructions:</H1>
    <instructions/>
    <H1>Files in Package:</H1>
    <file>File: PackOut.xml</file>
    <filedirectory>Directory: \dict\</filedirectory>
    <filenotes>Notes: Contains all application/object settings for package</filenotes>
    <H1>Client:</H1>
    <Client>0-SYSTEM-System</Client>
</idempiereDocument>
